ID,Section,Requirement Text,Technical Interpretation,Responsible Module,Code Files,Acceptance Test,Quantitative Indicator,Evidence,Status,Dependencies,Risk,Deliverable,Notes
R01,Absolute Navigation GQA,Implement absolute navigation GQA engine to measure displacements between observed feature positions and independent geographic references,Motor que calcula desplazamientos entre posiciones detectadas y referencias geográficas independientes (GCPs coastlines ortho-products),engine/gqa_modes.ts,src/engine/gqa_modes.ts computeAbsoluteGQA(),Recover known displacements within 1.5px RMSE on synthetic data with 30+ GCPs,RMSE < 1.5px on synthetic test,TEST_REPORT.md,TESTED_LOCALLY,None,Low,D4/D7,Implemented in TypeScript; Python port pending
R02,Interchannel Registration GQA,Implement interchannel registration GQA to compare positions of corresponding features across spectral channels of the same acquisition,Comparación de posiciones de características correspondientes entre canales espectrales del mismo instrumento,engine/gqa_modes.ts,src/engine/gqa_modes.ts computeInterchannelGQA(),Match features between VIS and IR channels with quantified uncertainty per channel pair,Inlier ratio > 50% across channel pairs,TEST_REPORT.md,TESTED_LOCALLY,Multi-band data,Medium,D4/D7,Requires authentic multi-spectral data for validation
R03,Temporal Registration GQA,Implement temporal registration GQA to compare corresponding features between successive acquisitions from the same sensor,Seguimiento de características correspondientes entre adquisiciones temporales sucesivas del mismo sensor,engine/gqa_modes.ts,src/engine/gqa_modes.ts computeTemporalGQA(),Track features across 4+ time steps with known displacements and compute error vs known,Mean error < 2px on synthetic temporal pairs,TEST_REPORT.md,TESTED_LOCALLY,None,Low,D4/D7,Implemented; validation with real time series pending
R04,Observable Canonical Schema,Define canonical observable record with all required fields including ID mission instrument product channel time positions displacement uncertainty method status provenance,Esquema canónico de observable con 30+ campos incluyendo identificación posición desplazamiento calidad y procedencia,src/types/index.ts,src/types/index.ts GeometricObservable interface,All 30+ fields present and populated in generated observables,30+ fields per observable,src/types/index.ts,IMPLEMENTED_NOT_TESTED,None,Low,D4/D7,Schema defined; not validated with real data
R05,Shi-Tomasi Detection,Implement Shi-Tomasi corner detection with configurable quality level and non-maximum suppression,Detección de esquinas Shi-Tomasi con nivel de calidad configurable y supresión de no-máximos,engine/scientific.ts,src/engine/scientific.ts shiTomasiDetect(),Detect corners with response > threshold and minimum distance between corners,>50 corners on 256x256 synthetic scene,TEST_REPORT.md,TESTED_LOCALLY,None,Low,D4,TypeScript implementation; OpenCV port pending
R06,ORB Detection,Implement ORB feature detection with FAST keypoints and BRIEF binary descriptors,Detección ORB con keypoints FAST y descriptores binarios BRIEF de 32 bytes,engine/scientific.ts,src/engine/scientific.ts orbDetect(),Detect features with 32-bit binary descriptors and response scores,>20 features with valid descriptors,TEST_REPORT.md,TESTED_LOCALLY,None,Low,D4,Simplified TypeScript port; full rotation invariance pending
R07,RANSAC Estimation,Implement RANSAC affine estimation with configurable iterations and inlier threshold,Estimación afín robusta RANSAC con iteraciones y umbral configurables,engine/scientific.ts,src/engine/scientific.ts ransacAffine(),Estimate affine transform from 3+ point correspondences with >60% inlier ratio,Inlier ratio > 60% on synthetic data,TEST_REPORT.md,TESTED_LOCALLY,None,Low,D4,1000 iterations default; adaptive stopping pending
R08,Feature Matching,Implement feature matching with Hamming distance and Lowe ratio test,Correspondencia de características con distancia Hamming y test de ratio de Lowe,engine/scientific.ts,src/engine/scientific.ts matchFeatures(),Match features with ratio < 0.8 threshold and produce valid correspondences,>10 matches on synthetic scene,TEST_REPORT.md,TESTED_LOCALLY,None,Low,D4,Binary descriptors only; float descriptors pending
R09,Synthetic Data Generation,Implement deterministic synthetic scene generation with known geometric displacements noise and cloud contamination,Generación determinista de escenas sintéticas con desplazamientos conocidos ruido y contaminación de nubes,engine/synthetic.ts,src/engine/synthetic.ts generateSyntheticScene(),Generate 512x512 scenes with configurable dx dy noise cloud and seed,6 scenes with known truth in test suite,TEST_REPORT.md,TESTED_LOCALLY,None,Low,D4/D7,Seeded PRNG for reproducibility
R10,GQA Metrics Computation,Compute GQA metrics including mean bias RMSE median percentiles P50 P90 P95 P99 standard deviation and spatial coverage,Cálculo de métricas GQA: sesgo medio RMSE mediana percentiles desviación estándar y cobertura espacial,engine/scientific.ts,src/engine/scientific.ts computeGQA(),Compute all metrics from observable set with valid numerical results,All metrics non-negative and physically plausible,TEST_REPORT.md,TESTED_LOCALLY,None,Low,D4,Metrics computed in pixel space only
R11,JSON Export,Export observables to JSON format with full schema including all metadata fields,Exportación de observables a formato JSON con esquema completo,ObservableExplorer.tsx,screens/ObservableExplorer.tsx exportJSON(),Generate valid JSON file with all observable fields,Valid JSON parseable by standard tools,TEST_REPORT.md,TESTED_LOCALLY,None,Low,D4,Download via browser Blob API
R12,CSV Export,Export observables to CSV format with headers and tabular data,Exportación de observables a formato CSV con cabeceras,ObservableExplorer.tsx,screens/ObservableExplorer.tsx exportCSV(),Generate valid CSV file with headers and data rows,Valid CSV with 16+ columns,TEST_REPORT.md,TESTED_LOCALLY,None,Low,D4,Comma-separated with proper escaping
R13,NetCDF Export,Export observables to NetCDF-CF compliant format with geospatial metadata,Exportación a formato NetCDF-CF con metadatos geoespaciales,Planned Python service,Not yet implemented,Generate CF-compliant NetCDF file with coordinates and variables,Valid NetCDF readable by xarray,BLOCKED_EXTERNAL,Python xarray netCDF4,High,D7,Requires Python scientific service
R14,FCI Adapter,Implement FCI L1b data adapter to read Meteosat Third Generation Flexible Combined Imager products,Adaptador para leer productos L1b del instrumento FCI de MTG,Planned Python service,Not yet implemented,Read authentic FCI L1b NetCDF file and extract calibrated radiances,Successful read of FCI L1b sample,BLOCKED_EXTERNAL,Authentic FCI products,High,D4/D7,Format specification not verified against real files
R15,METimage Adapter,Implement METimage L1b data adapter to read Metop-SG imaging instrument products,Adaptador para leer productos L1b del instrumento METimage de Metop-SG,Planned Python service,Not yet implemented,Read authentic METimage L1b file and extract calibrated radiances,Successful read of METimage L1b sample,BLOCKED_EXTERNAL,Authentic METimage products,High,D4/D7,Format specification not verified against real files
R16,AVHRR Adapter,Implement AVHRR data adapter as complementary instrument support,Adaptador para datos AVHRR como soporte complementario,Planned Python service,Not yet implemented,Read authentic AVHRR file and extract calibrated data,Successful read of AVHRR sample,BLOCKED_EXTERNAL,Authentic AVHRR products,Medium,D7,Lower priority than FCI/METimage
R17,Cloud Masking,Implement cloud detection and masking to exclude cloudy pixels from feature detection,Detección y enmascaramiento de nubes para excluir píxeles contaminados,engine/scientific.ts,Synthetic cloud simulation only,Mask pixels with cloud probability > threshold before detection,Cloud coverage correctly tagged in observables,IN_PROGRESS,Real cloud detection algorithm,Medium,D4,Currently synthetic only; real algorithm pending
R18,Day/Night Handling,Tag observables with day/night/twilight illumination condition based on acquisition time,Etiquetado de observables con condición de iluminación día/noche/crepúsculo,engine/scientific.ts,src/types/index.ts dayNightCondition field,All observables tagged with valid illumination condition,100% of observables have dayNight field,TEST_REPORT.md,TESTED_LOCALLY,None,Low,D4,Metadata field only; no solar geometry computation
R19,Multi-spectral Analysis,Compare feature detectability across spectral channels with channel-specific statistics,Comparación de detectabilidad de características entre canales espectrales,ChannelComparison.tsx,screens/ChannelComparison.tsx,Generate channel comparison table with detectability scores,16 FCI channels analyzed with scores,IN_PROGRESS,Authentic multi-band data,Medium,D6,Based on specifications not real data
R20,GEO vs LEO Comparison,Compare observation characteristics between geostationary and polar-orbiting instruments,Comparación de características entre instrumentos geoestacionarios y de órbita polar,GEOvsLEO.tsx,screens/GEOvsLEO.tsx,Generate comparative analysis with capability scores,GEO and LEO characteristics compared,IN_PROGRESS,Authentic GEO/LEO data,Medium,D6,Illustrative based on specs
R21,Image Acquisition UI,Implement web interface for loading satellite images with file validation,Interfaz web para carga de imágenes satelitales con validación de archivos,ImageAcquisition.tsx,screens/ImageAcquisition.tsx,Load PNG/JPEG images with type and size validation,Images loaded with metadata extracted,TEST_REPORT.md,TESTED_LOCALLY,None,Low,D3/D4,Browser File API; 50MB limit
R22,Multispectral Viewer,Implement canvas-based image viewer with feature and displacement vector overlays,Visor de imágenes basado en canvas con overlays de características y vectores de desplazamiento,MultispectralViewer.tsx,screens/MultispectralViewer.tsx,Display image with detected features and displacement vectors overlaid,Features and vectors visible on canvas,TEST_REPORT.md,TESTED_LOCALLY,None,Low,D3/D4,Zoom and overlay controls
R23,Feature Detection Lab,Implement interactive feature detection laboratory with parameter controls,Laboratorio interactivo de detección de características con controles de parámetros,FeatureDetector.tsx,screens/FeatureDetector.tsx,Detect and match features with adjustable parameters,Features detected and matches visualized,TEST_REPORT.md,TESTED_LOCALLY,None,Low,D3/D4,Real-time canvas rendering
R24,Observable Explorer,Implement observable browser with filtering by status method and quality,Explorador de observables con filtrado por estado método y calidad,ObservableExplorer.tsx,screens/ObservableExplorer.tsx,Browse filter and paginate observables with export,Observables filtered and exported,TEST_REPORT.md,TESTED_LOCALLY,None,Low,D3/D4,Pagination and JSON/CSV export
R25,GQA Dashboard,Implement GQA evaluation dashboard with charts and statistical metrics,Panel de evaluación GQA con gráficos y métricas estadísticas,GQAEvaluation.tsx,screens/GQAEvaluation.tsx,Visualize GQA results with distribution charts and metrics,Charts rendered with real data,TEST_REPORT.md,TESTED_LOCALLY,None,Low,D3/D4,Recharts library
R26,AI Laboratory,Implement batch experiment runner for testing multiple configurations,Ejecutor de experimentos batch para probar múltiples configuraciones,AILaboratory.tsx,screens/AILaboratory.tsx,Run 5+ experiments with different parameters and log results,Experiments completed with metrics logged,TEST_REPORT.md,TESTED_LOCALLY,None,Low,D4/D5,Classical CV only; ML pending
R27,Training Center,Implement training center with seeded experiments and reproducibility control,Centro de entrenamiento con experimentos con semilla y control de reproducibilidad,TrainingCenter.tsx,screens/TrainingCenter.tsx,Run reproducible training experiments with logged parameters,Experiments reproducible with same seed,TEST_REPORT.md,TESTED_LOCALLY,None,Low,D5/D7,Seeded PRNG; no ML training yet
R28,Model Catalog,Implement model catalog with version license metrics and validation status,Catálogo de modelos con versión licencia métricas y estado de validación,ModelAdmin.tsx,screens/ModelAdmin.tsx,Display model entries with metadata and status,Models listed with licenses and metrics,TEST_REPORT.md,TESTED_LOCALLY,None,Low,D4/D7,Classical CV models only; ML models pending
R29,Audit Trail,Implement complete audit trail logging all operations with timestamp and resource ID,Trazabilidad completa registrando todas las operaciones con timestamp e ID de recurso,AppContext.tsx,src/store/AppContext.tsx createAuditEntry(),All operations logged with timestamp actor resource and details,100% of operations logged,TEST_REPORT.md,TESTED_LOCALLY,None,Low,D6/D8,In-memory; persistence pending
R30,Report Generation,Implement report generation center with multiple export formats,Centro de generación de informes con múltiples formatos de exportación,ReportCenter.tsx,screens/ReportCenter.tsx,Generate full GQA observables and experiment reports,Reports downloaded as TXT/JSON/CSV,TEST_REPORT.md,TESTED_LOCALLY,None,Low,D1/D2/D6,Multiple formats supported
R31,System Status,Implement system status dashboard with component health and dependency inventory,Panel de estado del sistema con salud de componentes e inventario de dependencias,SystemStatus.tsx,screens/SystemStatus.tsx,Display component status and dependency list,All components shown with status,TEST_REPORT.md,TESTED_LOCALLY,None,Low,D8,Static inventory; no live monitoring
R32,Python 3 Core,Implement all scientific functions in Python 3 executable via CLI API and scheduled jobs,Implementar todas las funciones científicas en Python 3 ejecutable vía CLI API y trabajos programados,Planned Python service,Not yet implemented,All scientific ops runnable via Python without React/Node dependency,Python CLI executes all functions,BLOCKED_EXTERNAL,Python development,High,D4/D7,Critical requirement; not yet started
R33,Git Repository,Prepare Git repository structure for EUMETSAT hosting with proper configuration,Preparar estructura de repositorio Git para alojamiento en EUMETSAT,Infrastructure,.gitignore and directory structure,Repository ready for EUMETSAT Git hosting with proper ignores,BLOCKED_EXTERNAL,EUMETSAT Git access,Medium,D4,Structure prepared; access pending
R34,Near-Real-Time Monitoring,Implement automated reception and analysis of new satellite products with queue management,Sistema automático de recepción y análisis de nuevos productos con gestión de cola,Planned Python service,Not yet implemented,Automated processing of new products with latency measurement,BLOCKED_EXTERNAL,Operational data feed,High,D4/D7,Not implemented; requires operational feed
R35,Degradation Detection,Implement geometric degradation detection with configurable thresholds and change analysis,Detección de degradación geométrica con umbrales configurables y análisis de cambios,Planned Python service,Not yet implemented,Detect statistical degradation in GQA metrics over time,BLOCKED_EXTERNAL,None,Medium,D4,Not implemented; requires time series data
R36,AI Authorization,Obtain explicit prior authorization from EUMETSAT for using AI coding assistants in contractual work,Obtener autorización explícita y previa de EUMETSAT para usar asistentes de codificación IA,AI_USAGE_APPROVAL_REGISTER.md,AI_USAGE_APPROVAL_REGISTER.md,Written EUMETSAT authorization recorded in register,BLOCKED_EXTERNAL,EUMETSAT authorization,High,All,Critical blocker; status PENDING_AUTHORIZATION
R37,AI Tool Register,Maintain register of all AI tools used with version purpose and deliverables affected,Mantener registro de todas las herramientas IA usadas con versión propósito y entregables afectados,AI_USAGE_APPROVAL_REGISTER.md,AI_USAGE_APPROVAL_REGISTER.md,All AI tools documented with metadata,IN_PROGRESS,Authorization first,Medium,All,Register created; population pending
R38,Human Review,Implement human review process for all AI-generated output before inclusion in deliverables,Implementar proceso de revisión humana de todo output generado por IA antes de inclusión en entregables,Governance process,Not yet implemented,All AI output reviewed and approved by humans,BLOCKED_EXTERNAL,Authorization first,Medium,All,Process not defined; requires authorization
R39,License Audit,Perform license audit of all dependencies to verify compatibility with contract requirements,Realizar auditoría de licencias de todas las dependencias para verificar compatibilidad,SystemStatus.tsx,screens/SystemStatus.tsx dependency inventory,All dependencies have compatible licenses documented,IN_PROGRESS,Full dependency scan,Low,D8,Inventory created; formal audit pending
R40,Vulnerability Review,Perform security vulnerability review of code and dependencies,Realizar revisión de vulnerabilidades de seguridad del código y dependencias,Planned security scan,Not yet performed,Security scan passed with no critical vulnerabilities,BLOCKED_EXTERNAL,Security tools,Low,D8,Not performed; requires security tools
R41,Code Originality,Analyze code originality to verify no unauthorized copying or license violations,Analizar originalidad del código para verificar ausencia de copia no autorizada,Governance process,Not yet performed,Originality verified with no violations,BLOCKED_EXTERNAL,Originality tools,Low,D8,Not performed; requires analysis tools
R42,Sensitive Info Protection,Implement protection mechanisms to prevent leakage of sensitive information,Implementar mecanismos de protección para prevenir fuga de información sensible,docs/SECURITY_AND_SOVEREIGNTY.md,Local-first design,No sensitive data transmitted or leaked,IN_PROGRESS,Classification procedures,Low,D8,Local-first implemented; formal procedures pending
R43,Operation Traceability,Implement traceability of all operations with full processing chain documentation,Implementar trazabilidad de todas las operaciones con documentación completa de cadena de procesamiento,AppContext.tsx,src/store/AppContext.tsx audit log,Full chain traceable from input to output,TESTED_LOCALLY,None,Low,D6/D8,Audit trail implemented
R44,Responsibility Documentation,Document roles and responsibilities for all project activities with RACI matrix,Documentar roles y responsabilidades para todas las actividades del proyecto con matriz RACI,docs/ARCHITECTURE.md,Roles defined in architecture,RACI matrix complete with all roles,BLOCKED_EXTERNAL,Contract start,Low,D8,Roles defined; formal RACI pending
R45,AI Output Validation,Implement validation protocol for all AI-generated scientific outputs,Implementar protocolo de validación para todos los outputs científicos generados por IA,Testing framework,Not yet implemented,All AI outputs validated against reference,BLOCKED_EXTERNAL,Authorization first,Medium,All,Protocol not defined; requires authorization
R46,Version Control,Implement version control for all AI-assisted code with change tracking,Implementar control de versiones para todo código asistido por IA con seguimiento de cambios,Infrastructure,Git planned,All changes tracked with commit history,BLOCKED_EXTERNAL,Repository access,Low,D4,Git planned; access pending
R47,AI Usage Reporting,Implement regular reporting mechanism for AI usage in project activities,Implementar mecanismo de reporte regular para uso de IA en actividades del proyecto,AI_USAGE_APPROVAL_REGISTER.md,Register mechanism defined,Regular reports produced with usage statistics,BLOCKED_EXTERNAL,Authorization first,Low,All,Register created; reporting pending
R48,Deliverable Structure,Prepare structure for deliverables D1-D9 with content placeholders,Preparar estructura para entregables D1-D9 con marcadores de contenido,docs/,Document placeholders,All deliverables structured with sections defined,IN_PROGRESS,Contract start,Medium,All,Placeholders created; content pending
R49,Computational Efficiency,Measure and document computational efficiency including CPU GPU memory and latency,Medir y documentar eficiencia computacional incluyendo CPU GPU memoria y latencia,Planned benchmark suite,Not yet implemented,Performance metrics recorded for all operations,BLOCKED_EXTERNAL,None,Medium,D6/D8,Not measured; requires benchmark suite
